First Name,Middle Name,Last Name,Phonetic First Name,Phonetic Middle Name,Phonetic Last Name,Name Prefix,Name Suffix,Nickname,File As,Organization Name,Organization Title,Organization Department,Birthday,Notes,Photo,Labels,E-mail 1 - Label,E-mail 1 - Value,E-mail 2 - Label,E-mail 2 - Value,E-mail 3 - Label,E-mail 3 - Value,Phone 1 - Label,Phone 1 - Value,Address 1 - Label,Address 1 - Formatted,Address 1 - Street,Address 1 - City,Address 1 - PO Box,Address 1 - Region,Address 1 - Postal Code,Address 1 - Country,Address 1 - Extended Address,Website 1 - Label,Website 1 - Value
Abigail,,Brown,,,,,,,,,,,,,,* myContacts,,,,,,,Mobile,(818) 530-8890,,,,,,,,,,,
Adrian üë¨üí¶,,Sanchez,,,,,,,,,,,,,https://lh3.googleusercontent.com/contacts/AG6tpzFZeistf6JXp0Jh3FGTW7pwYFIgIhjHPayeSMz6bFIaL89wlQan,* myContacts,,,,,,,Mobile,+1 (818) 983-6552,,,,,,,,,,,
Airwick,,K-mart,,,,,,,,,,,,,,* myContacts,,,,,,,Mobile,(818) 671-8786,,,,,,,,,,,
Ammferrmmy üé©,,,,,,,,,,,,,,,,* myContacts,,,,,,,Mobile,+1 (818) 741-7305,,,,,,,,,,,
Andrewüòèüêæ,,Maia,,,,,,,,,,,,,https://lh3.googleusercontent.com/contacts/AG6tpzHTuW-RRZ-Na84Nnf43ys_zOH-fUk7rSe1MJwU7VgvW1sTDsVCq,* myContacts,,,,,,,Mobile,1 (310) 869-6194,,,,,,,,,,,
Andy,,,,,,,,,,,,,,,,* myContacts,,,,,,,Mobile,1 (818) 770-0726,,,,,,,,,,,
Anthony,,,,,,,,,,,,,,,,* myContacts,* ,akpvideo@gmail.com,,,,,,,,,,,,,,,,,
Austin üé∏üé∂,,Recalde,,,,,,,,,,,,,,* myContacts,,,,,,,Mobile,+1 (818) 438-3226,,,,,,,,,,,
Austin üì±,,Hunt,,,,,,,,,,,,,,* myContacts,,,,,,,Mobile,(661) 246-3772,,,,,,,,,,,
Avers,,,,,,,,,,,,,,,,* myContacts,,,,,,,Mobile,(818) 620-6943,,,,,,,,,,,
Bart,,Walker,,,,,,,,,,,,,,* myContacts,* Other,bartwalker@flyingeye.com,,,,,,,,,,,,,,,,Profile,http://www.google.com/profiles/103897396821083638276
Bina,,Sager,,,,,,,,,,,,,https://lh3.googleusercontent.com/contacts/AG6tpzFxJuIq8rSNYf-43cLJw6-a0pW_afc1ECHXcy2skDjt6_gFVvTc,* myContacts,,,,,,,Mobile,+1 (801) 971-9623,,,,,,,,,,,
Brandon,,,,,,,,,,,,,,,,* myContacts,,,,,,,Mobile,+1 (714) 721-2979,,,,,,,,,,,
Brendan,,McHugh,,,,,,,,,,,,,,* myContacts,,,,,,,Mobile,(818) 694-2952,,,,,,,,,,Profile,http://www.google.com/profiles/110946636971090038622
Britani,,Golden,,,,,,,,,,,,,,FILMING ::: * myContacts,* Other,britani814@hotmail.com,,,,,,,,,,,,,,,,,
Carl üé∂‚ù§Ô∏è,,Chiasson,,,,,,,,,,,,,,* myContacts,,,,,,,Mobile,(615) 357-7292,,,,,,,,,,,
Carmen üíÇ,,,,,,,,,,,,,,,,* myContacts,,,,,,,Mobile,(818) 336-7732,,,,,,,,,,,
Charlie Boy üèÑ,,Deakins,,,,,,,,,,,,,https://lh3.googleusercontent.com/contacts/AG6tpzEmHuLJU9Gf3LqhF-rQlDfiri04kYE--rSbM_3vf7gK2CmfNoTq,* myContacts,,,,,,,Mobile,+1 (818) 517-3806,,,,,,,,,,,
Chris ,,Bautista,,,,,,,,,,,,,,* myContacts,,,,,,,Mobile,(818) 425-5567,,,,,,,,,,,
Coach üèäüèÜ,,Campbell,,,,,,,,,,,,,,* myContacts,,,,,,,Mobile,+1 (818) 209-3142,,,,,,,,,,,
Coach Charls,,,,,,,,,,,,,,,,* myContacts,,,,,,,Mobile,+1 (818) 926-8766,,,,,,,,,,,
Crystal,,Garcia,,,,,,,,,,,,,,* myContacts,,,,,,,Mobile,(818) 510-2089,,,,,,,,,,,
Crystal,,Stanis,,,,,,,,,,,,,,* myContacts,,,,,,,Mobile,(818) 923-4885,,,,,,,,,,,
Dickie,,,,,,,,,,,,,,,,* myContacts,,,,,,,Mobile,(805) 336-3293,,,,,,,,,,,
Edgar,,,,,,,,,,,,,,,,* myContacts,,,,,,,Mobile,+1 (408) 833-5914,,,,,,,,,,,
Eli Alexanderüê∞üé∂,,Cirino,,,,,,,,,,,,,https://lh3.googleusercontent.com/contacts/AG6tpzHmw3QRKJ7vwLHW2Gy8RzIvc-SROwjruIYtAJ0-4y_795FhdUWZ,* myContacts,,,,,,,Other,818-469-4329,,,,,,,,,,,
Francesca,,Khan,,,,,,,,,,,,,,* myContacts,* Other,frzoida@yahoo.com,,,,,,,,,,,,,,,,Profile,http://www.google.com/profiles/102479131907966059413
Grace,,Fraga,,,,,,,,,,,,,,* myContacts,* Other,gracecomedian@yahoo.com,,gracefragacomedian@gmail.com,Other,gracefragacomedian@yahoo.com,Mobile,+13106969901 ::: (424) 278-1716,,,,,,,,,,Profile,http://www.google.com/profiles/104233497654261413419
Granasty üí©,,,,,,,,,,,,,,,,* myContacts,,,,,,,Mobile,(818) 360-2361,,,,,,,,,,,
Gretchen,,,,,,,,,,,,,,,,* myContacts,,,,,,,Mobile,+1 (661) 862-9559,,,,,,,,,,,
haider,,tareen,,,,,,,,,,,,,,* myContacts,* Other,haider@hexadevelopers.com,,,,,,,,,,,,,,,,Profile,http://www.google.com/profiles/110414919026065519322
Hannah,,,,,,,,,,,,,,,,* myContacts,,,,,,,Mobile,(805) 796-1637,,,,,,,,,,,
Hannah,,Neben,,,,,,,,,,,,,,* myContacts,,,,,,,Mobile,1 (818) 585-9525,,,,,,,,,,,
,,Hongkiat Lim,,,,,,,,Hongkiat.com,,,,,,Imported 3/28/13 ::: * myContacts,* Other,me@hongkiat.com,,,,,,,Other,"AMK Street 11, Avenue 1
Singapore 560303
Singapore",Avenue 1 AMK Street 11,,,,560303,Singapore,,Other,http://www.hongkiat.com/blog
Hotel,,,,,,,,,,,,,,,,* myContacts,,,,,,,Mobile,(818) 746-1705,,,,,,,,,,,
Irwin üéßüìñ,,Salguero,,,,,,,,,,,,,,* myContacts,,,,,,,Mobile,+1 (805) 861-3306,,,,,,,,,,,
Izzy üå∏üé§,,Sager,,,,,,,,,,,,,https://lh3.googleusercontent.com/contacts/AG6tpzGbrdzLMbd6I_aqP4U2Qa_fKjiEwjjx8SoP5fC7DVS2rjaPANEn,* myContacts,,,,,,,Mobile,(385) 439-7733,,,,,,,,,,,
Jane ‚öΩÔ∏èüåª,,Solis,,,,,,,,,,,,,https://lh3.googleusercontent.com/contacts/AG6tpzE-sxG_nAOT4K-H-jYZwpIWqpPmiJzuDKN0rDOvx_VN40HSY7k-,* myContacts,,,,,,,Mobile,+1 (818) 325-5092,,,,,,,,,,,
Jasmine,,Bahremand,,,,,,,,,,,,,,* myContacts,,,,,,,Mobile,(818) 300-7729,,,,,,,,,,,
Jason,,Stilwell,,,,,,,,,,,,,,* myContacts,,,,,,,Mobile,+1 (818) 447-1011,,,,,,,,,,,
Joshua üèä,,Cheng,,,,,,,,,,,,,,* myContacts,,,,,,,Mobile,+1 (818) 298-8395,,,,,,,,,,,
Joshyüöóüí®,,Poo,,,,,,,,,,,,,https://lh3.googleusercontent.com/contacts/AG6tpzFafc4CjTRNoogWvkoCR0AtVD4vtxQ3r77fusDyDsbkcYly9drz,* myContacts,,,,,,,Mobile,1 (818) 356-5936,,,,,,,,,,,
Justin,,Mateo,,,,,,,,,,,,,,* myContacts,,,,,,,Mobile,(818) 770-0729,,,,,,,,,,,
K'lynn,,Demarinis,,,,,,,,,,,,,,* myContacts,,,,,,,Mobile,+1 (818) 461-2804,,,,,,,,,,,
Kena üê∫,,Kangaroo,,,,,,,,,,,,,,* myContacts,,,,,,,Mobile,+1 (818) 917-5229,,,,,,,,,,,
Kenneth,,Holcomb,,,,,,,,,,,,,,* myContacts,,,,,,,Mobile,+1 (818) 445-1205,,,,,,,,,,,
Kimberly,,Rogers,,,,,,,,,,,,,,* myContacts,* ,kimberlyr@americanapparel.net,,,,,,,,,,,,,,,,,
Koala D üê®,,,,,,,,,,,,,,,,* myContacts,,,,,,,Mobile,+1 (818) 960-9633,,,,,,,,,,,
Lauren,,Farajian,,,,,,,,,,,,,,* myContacts,,,,,,,Mobile,+1 (818) 675-2201,,,,,,,,,,,
Leonüá©üá™üí™,,Bottke,,,,,,,,,,,,,https://lh3.googleusercontent.com/contacts/AG6tpzF_cWrDoiovLZZloAUQscnPYny-AS7TfA4w7FY2cK0McjXOY5Ca,* myContacts,,,,,,,Mobile,+1 (818) 571-9015,,,,,,,,,,,
Linsanity,,,,,,,,,,,,,,,,* myContacts,,,,,,,Mobile,+1 (818) 860-6996,,,,,,,,,,,
Lovey ‚ù§Ô∏èüç∏,,,,,,,,,,,,,,,,* myContacts,,,,,,,Mobile,+1 (408) 901-9880,,,,,,,,,,,
Marc!,,,,,,,,,,,,,,,,* myContacts,,,,,,,Mobile,(818) 606-4447,,,,,,,,,,,
Marisa,,,,,,,,,,,,,,,,* myContacts,,,,,,,Mobile,(818) 857-9612,,,,,,,,,,,
Marisser üë≥üí©,,Hasselhoff,,,,,,,,,,,,,,* myContacts,,,,,,,Mobile,+1 (818) 606-2552,,,,,,,,,,,
Mark,,Cohen,,,,,,,,,,,,,,* myContacts,* Other,sales@bongoflashers.com,Other,bongoflashers@aol.com,,,Mobile,+18186012238,,,,,,,,,,Profile,http://www.google.com/profiles/106535777604230637987
mirprint,,,,,,,,,,,,,,,,* myContacts,* ,info@mirprint.com,,mirprintgraphics@gmail.com,,,,,,,,,,,,,,Profile,http://www.google.com/profiles/102068776208885203213
Mum,,,,,,,,,,,,,,,https://lh3.googleusercontent.com/contacts/AG6tpzEzgE7ANGAyLIkTa_st1WZVZx87R04gCNaOMIx4SSME65Hhbst1,* myContacts,,,,,,,Mobile,+1 (818) 257-2779,,,,,,,,,,,
Nip,,,,,,,,,,,,,,,,* myContacts,,,,,,,Mobile,(818) 294-8883,,,,,,,,,,,
Pa üìªüëï,,,,,,,,,,,,,,,,* myContacts,,,,,,,,,,,,,,,,,,,
Paul,,Dimitropoulos,,,,,,,,,,,,,,FILMING ::: * myContacts,* ,dimo32@gmail.com,,,,,,,,,,,,,,,,,
Petit Merde üëå,,,,,,,,,,,,,,,https://lh3.googleusercontent.com/contacts/AG6tpzHyKH8DgWzjpbZ5CoCu5FcgKlNxx6hTKIVoBKaIHzlgW3Ji_sTZ,* myContacts,,,,,,,Mobile,+1 (213) 309-7095,,,,,,,,,,,
Pops üìª,,,,,,,,,,,,,,,,* myContacts,,,,,,,,,,,,,,,,,,,
Rachel,,Adams,,,,,,,,,,,,,,* myContacts,* ,rachelmonet727@gmail.com,,,,,Mobile,+1 (818) 825-0362,,,,,,,,,,,
Radiochel@aol.com,,,,,,,,,,,,,,,,FILMING ::: * myContacts,* ,radiochel@aol.com,,,,,,,,,,,,,,,,,
Regent Theatre,,,,,,,,,,,,,,,,* myContacts,,,,,,,Mobile,(213) 413-8200,,,,,,,,,,,
Rozi Pozi,,,,,,,,,,,,,,,,* myContacts,,,,,,,Mobile,+1 (818) 422-4893,,,,,,,,,,,
Samuel William,,Sanchez,,,,,,,,,,,,,,* myContacts,,,,,,,Mobile,1 (818) 635-3009,,,,,,,,,,,
Scott,,Marcano,,,,,,,,,,,,,,* myContacts,* ,itcho@aol.com,,,,,,,,,,,,,,,,Profile,http://www.google.com/profiles/108838683526835125483
Se√±ior Beans,,,,,,,,,,,,,,,https://lh3.googleusercontent.com/contacts/AG6tpzGv69RMO49A1B-fEJAbj2_wtFGuLzD0IxWOUYOfKIIwpMxqTIVZ,* myContacts,,,,,,,Mobile,(818) 357-8613,,,,,,,,,,,
Shawn Red üêº,,,,,,,,,,,,,,,https://lh3.googleusercontent.com/contacts/AG6tpzHc2b3raBBpOBD88MCm9mAr7bCRfJO0j1BLFbxFGmSyAJ8hEojR,* myContacts,,,,,,,Mobile,+1 (818) 699-8141,,,,,,,,,,,
Sierra,,Bogusz,,,,,,,,,,,,,,* myContacts,,,,,,,Mobile,(818) 447-5908,,,,,,,,,,,
Stephanie,,Cheng,,,,,,,,,,,,,,* myContacts,,,,,,,Mobile,+1 (818) 849-8135,,,,,,,,,,,
Tchad üöªüá∫üá∏,,Curtis,,,,,,,,,,,,,https://lh3.googleusercontent.com/contacts/AG6tpzGl60KxkaW3QTfAloguyrNs-8b2SFu5YhUBXlLwX0Rapa7D9u8q,* myContacts,,,,,,,Mobile,+1 (818) 256-7077,,,,,,,,,,,
Terrell,,Jackson,,,,,,,,,,,,,,* myContacts,,,,,,,Mobile,+1 (818) 272-9006,,,,,,,,,,,
Tevita,,,,,,,,,,,,,,,,* myContacts,,,,,,,Mobile,(805) 558-6560,,,,,,,,,,,
Tiff üíÅüå∫,,Brown,,,,,,,,,,,,,,* myContacts,,,,,,,Mobile,+1 (818) 401-5332,,,,,,,,,,,
Twitter,,,,,,,,,,,,,,,https://lh3.googleusercontent.com/contacts/AG6tpzFYmQLn3qIh6x7GTaXbAW4iW9zHEa1RHbO8YeQ7pzAPq4q8U2S4,* myContacts,,,,,,,Other,40404,,,,,,,,,,,
Tyler,,Brady,,,,,,,,,,,,,,* myContacts,,,,,,,Mobile,(801) 855-2120,,,,,,,,,,,
Victor,,Awad,,,,,,,,,,,,,,* myContacts,* ,ktp@socal.rr.com,,vic@kingtutprinting.com,,,,,,,,,,,,,,,
Wanda,Henry at MyCity.,com,,,,,,,,,,,,,,* myContacts,* Other,henry.wanda@yahoo.com,,,,,,,,,,,,,,,,,
